Zeitstempel,Name Firma,Ansprechpartner,Branch,Email,Telefon,Fax,"Strasse, Hausnummer","PLZ, Ort",Webseite,Instagram Link,Facebook Link,Webshop Link,Beschreibung,Bestellung √ºber:,Lieferung & Bezahlung,Logo Link,Video Link,PDF Link,Rechtliches,Mobile,√ñffnungszeiten,,Bestellung √ºber:
25.03.2020 12:53:21,Biog√§rtnerei Christian Herb,Eva-Maria Herb,Garten / Pflanzen,versand@bio-kraeuter.de,017620007250,,Heiligkreuzerstra√üe 70,Kempten,www.bio-kraeuter.de,https://www.instagram.com/biogaertnerherb/,https://www.facebook.com/BiogaertnerHerb/,www.bio-kraeuter.de,"Kempten und n√§here Umgebung wird pers√∂nlich ausgeliefert, ab 30‚Ç¨ ohne Lieferkosten. Ansonsten wird √ºber die Deutsche Post europaweit versendet.","Internet-Shop, Email, Telefon ","innerhalb Kemptens pers√∂nlich, sonst mit DHL und Deutscher Post",https://www.bio-kraeuter.de/images/banner/slider-bg-1-tmp4.jpg,https://youtu.be/MM1qrMdyYWw,,"Ich best√§tige hiermit, dass meine Angaben korrekt sind und ich der Eigent√ºmer, des anzuzeigenden Unternehmens bin., Ich stimme zu, dass meine Daten auf der Webseite tante-hilde.org ver√∂ffentlicht werden.",,,,
25.03.2020 16:07:05,Durst Media,Stefan Durst,Kreative Dienste,kontakt@durst-media.com,015752611270,,Ostbahnhofstra√üe 7,87437 Kempten,,https://www.instagram.com/stefandurst/,https://www.facebook.com/DurstMediaGbR/,,"Als Filmproduktion in Kempten generieren wir hochwertige Filme f√ºr Ihre digitalen Plattformen. Hierbei bieten wir vom Konzept bis zum fertigen Schnitt alles aus einer Hand an. 

Wir helfen Ihnen auch gerne ihre Projekte live im Netz abzubilden. Mit unserem professionellem Kameraequipment k√∂nnen wir Livestreams in h√∂chster Qualit√§t anbieten. Neben einem Stream √ºber mehrere Kameras sind auch digitale Einblendungen (Logos, Bauchbinden, Videos, Animationen, ...) und ein Desktop-Screening m√∂glich.

F√ºr mehr Infos kontaktieren Sie uns einfach telefonisch oder per Email.
",Email,Rechnung,https://scontent-frt3-1.xx.fbcdn.net/v/t1.0-9/29136704_1784328465195348_6373618702897643520_n.jpg?_nc_cat=108&_nc_sid=85a577&_nc_ohc=850qwCoSwS8AX8v1LM9&_nc_ht=scontent-frt3-1.xx&oh=f9b47581611653934db86dae8528e99b&oe=5EA2CD38,https://www.youtube.com/watch?v=ynPrHlqH4Tg,,"Ich best√§tige hiermit, dass meine Angaben korrekt sind und ich der Eigent√ºmer, des anzuzeigenden Unternehmens bin., Ich stimme zu, dass meine Daten auf der Webseite tante-hilde.org ver√∂ffentlicht werden.",,,,
25.03.2020 19:44:17,Erlebnis-Buchhandlung - didactus,Christoph Sch√∂ll,B√ºcher / Schreibwaren,didactus@web.de,083169716130,083169716132,Gerberstra√üe 49,87435 Kempten,www.didactus-kempten.de,https://www.instagram.com/erlebnis_buchhandlung/,https://www.facebook.com/BuchhandlungKempten,www.didactus-kempten.de,"Wir liefern portofrei jedes lieferbare Buch i.d.R. am n√§chsten Tag oder schnellstm√∂glich - ebenso Spiele, H√∂rspiele,... ","Telefon, Email, Fax, Internetseite, Facebook, Instagram",Lieferung portofrei - Bezahlung per paypal oder Rechnung,https://didactus-kempten.de/sites/303520.umbreitshopsolution.de/files/logo_0.png,https://www.youtube.com/watch?v=FPvJe_k2syA&t,,"Ich best√§tige hiermit, dass meine Angaben korrekt sind und ich der Eigent√ºmer, des anzuzeigenden Unternehmens bin., Ich stimme zu, dass meine Daten auf der Webseite tante-hilde.org ver√∂ffentlicht werden.",,,,
25.03.2020 23:41:25,H√ºbner H√∂rger√§te GbR,Moritz H√ºbner,Gesundheit / Kosmetik,mh@huebner-hoergeraete.de,083152733090,,Theaterstra√üe 9,87435 Kempten,www.huebner-hoergeraete.de,,,,"H√∂rger√§tereinigung / H√∂rger√§teservice

Gerne senden wir Ihnen Batterien, Pflegeprodukte und weitere Verbrauchsmaterialien per Post zu. Hierf√ºr bitten wir Sie um Kontaktaufnahme per Telefon.

Auf Ihre H√∂rger√§tereinigung/H√∂rger√§tereparatur m√ºssen Sie w√§hrend der Viruswelle nicht verzichten. Gerne holen wir Ihre H√∂rger√§te an der Haust√ºre ab und bringen Ihnen diese am darauffolgenden Tag - soweit uns m√∂glich - wieder zur√ºck.

Ungew√∂hnliche Zeiten fordern ungew√∂hnliche Ma√ünahmen. Jetzt gilt es aber erst einmal dem Virus entgegen zu wirken.

Bleiben Sie gesund und passen Sie gut auf sich auf.

Ihre Familie H√ºbner",Telefon/Mail/Whatsapp - eigentlich kann man uns √ºberall kontaktieren,,"https://static.wixstatic.com/media/d17145_2af94aab0b3c44bebd8bb94fee455460~mv2.png/v1/fill/w_544,h_164,al_c,q_85,usm_0.66_1.00_0.01/Huebner-Logo_neu.webp",https://www.youtube.com/channel/UCn0iuyjRp0LgMJaFHSxe9PQ,,"Ich best√§tige hiermit, dass meine Angaben korrekt sind und ich der Eigent√ºmer, des anzuzeigenden Unternehmens bin., Ich stimme zu, dass meine Daten auf der Webseite tante-hilde.org ver√∂ffentlicht werden.",,,,
26.03.2020 09:10:43,Sojuna Naturkosmetik,Nadine Pytlik ,Gesundheit / Kosmetik,sojuna@gmx.de,0151-41803439,08303-921188 ,Helen 95,87448 Waltenhofen,www.sojuna-naturkosmetik.de,https://www.instagram.com/sojuna_naturkosmetik/,https://www.facebook.com/sojuna.naturkosmetik,https://sojuna-naturkosmetik.de/c/love-produkte,Online - kostenloser Versand ,"Telefon, Fax, Internetseite usw. ",2-3 Tage Lieferzeit via Paypal ,,,https://sojuna-naturkosmetik.de/,"Ich best√§tige hiermit, dass meine Angaben korrekt sind und ich der Eigent√ºmer, des anzuzeigenden Unternehmens bin., Ich stimme zu, dass meine Daten auf der Webseite tante-hilde.org ver√∂ffentlicht werden.",,,,
26.03.2020 10:30:10,Allg√§u Salze,Eileen Lindloff,Lebensmittel,info@allgaeusalze.com,015229655490,,Ostbahnhofstr. 7,87437 Kempten,www.allgaeusalze.com,https://www.instagram.com/allgaeu_salze/,https://www.facebook.com/allgaeusalze/,https://allgaeusalze.shop/,"Gourmetsalze, 5‚Ç¨ Versandkosten, zu jeder Bestellung gibt es einen 10% Rabattgutschein f√ºr den n√§chsten Einkauf.",Internetseite,√ºber Shop,https://scontent-frt3-2.cdninstagram.com/v/t51.2885-19/s320x320/35326969_1814296491995207_5286992982031990784_n.jpg?_nc_ht=scontent-frt3-2.cdninstagram.com&_nc_ohc=lzmn3Jd8u_cAX9L_OAw&oh=2a8da1148fc6ac05ff2bc153461331cd&oe=5EA55CBB,,,"Ich best√§tige hiermit, dass meine Angaben korrekt sind und ich der Eigent√ºmer, des anzuzeigenden Unternehmens bin., Ich stimme zu, dass meine Daten auf der Webseite tante-hilde.org ver√∂ffentlicht werden.",,,,
26.03.2020 11:16:55,frei Kamera - Dokumentarische Fotografie,Samantha Freinbichler-Kallabis,Kreative Dienste,info@frei-kamera.de,0176 81693127,,Hauchenbergweg 12,"87480, Weitnau",www.frei-kamera.de,https://www.instagram.com/freikamera/,https://www.facebook.com/FreiKamera/,,"Bestellungen f√ºr Gutscheine, Fotoalben und andere Printprodukte sind per E-Mail oder telefonisch m√∂glich. Vorgespr√§che f√ºr Hochzeiten und Familienreportagen k√∂nnen telefonisch oder per Skype statt finden.","Telefon, E-Mail",Rechnung,https://frei-kamera.de/wp-content/uploads/2017/08/Logo_Entwurf_reduziert-mit-Schrift.jpg,,,"Ich best√§tige hiermit, dass meine Angaben korrekt sind und ich der Eigent√ºmer, des anzuzeigenden Unternehmens bin., Ich stimme zu, dass meine Daten auf der Webseite tante-hilde.org ver√∂ffentlicht werden.",,,,
26.03.2020 11:24:16,Musikwerkstatt f√ºr Kinder_Kempten ,Birgit Seybold,Kreative Dienste,birgit-seybold@gmx.de,083154091040,083154091041,Schraudolphstra√üe 49,87435 Kempten,https://www.musikwerkstattfuerkinder.info/,https://www.instagram.com/invites/contact/?i=prmg5h21wobe&utm_content=elinzpk,https://www.facebook.com/MusikwerkstattfuerKinder-104234237895238/,,"Gutscheine 10 % Rabatt gegen Vorkasse,  Zusendung ",Email,Zusendung nach Vorkasse,"https://static.wixstatic.com/media/541bd6_8be79fba42f14f98b263ebec30e274b5~mv2.png/v1/fill/w_348,h_360,al_c,usm_0.66_1.00_0.01/LogoBirgit_white.png",,,"Ich best√§tige hiermit, dass meine Angaben korrekt sind und ich der Eigent√ºmer, des anzuzeigenden Unternehmens bin., Ich stimme zu, dass meine Daten auf der Webseite tante-hilde.org ver√∂ffentlicht werden.",+49 162 6857637,,,
26.03.2020 11:34:19,Ostlerh√ºtte,Laura Heiligensetzer,Gastronomie,heiligensetzer.laura@gmail.com,,,Sandstra√üe 15,87435 Kempten,https://www.huette-mit-herz.de/#regdl=kategorien,https://www.instagram.com/ostlerhuette/,https://www.facebook.com/Ostlerh√ºtte-234251153255015/,https://www.ostlergwand.de,"Wir verkaufen unser ""Ostlergwand"" √ºber unseren neuen Online-Shop. ",Internetseite,Versand √ºber DHL. Bezahlung via Paypal.,/unternehmen/Ostler_Logo_Negativ.png,https://www.youtube.com/watch?v=8oybmgwawxI,,"Ich best√§tige hiermit, dass meine Angaben korrekt sind und ich der Eigent√ºmer, des anzuzeigenden Unternehmens bin., Ich stimme zu, dass meine Daten auf der Webseite tante-hilde.org ver√∂ffentlicht werden.",,,,
26.03.2020 11:35:28,G√§rtnerei Gruber,Familie Gruber & Team,Garten / Pflanzen,info@gruber-blumen.de,+49 8361 635,,Maria-Rainer-Str. 25,Nesselwang,www.gruber-blumen.de,https://www.instagram.com/gaertnereigruber,http://www.facebook.com/GaertnereiGruber,,"Ihr bestellt per Telefon, Mail oder WhatApp und wir liefern euch die Ware kontaktlos vor die Haust√ºre. ","Telefon, Email, WhatsApp und bald auch im Webshop",Lieferung ab 30‚Ç¨ kostenfrei; Umkreis bis 30 km um Nesselwang (dar√ºber hinaus auf Anfrage). Bezahlung per Rechnung.,/unternehmen/Gruber-Nesselwang-Logo.jpg,,,"Ich best√§tige hiermit, dass meine Angaben korrekt sind und ich der Eigent√ºmer, des anzuzeigenden Unternehmens bin., Ich stimme zu, dass meine Daten auf der Webseite tante-hilde.org ver√∂ffentlicht werden.",,,,
26.03.2020 11:41:50,Purschwarz Kaffeer√∂sterei ,Alexander Gourguis ,Lebensmittel,info@purschwarz.de,+4983709298230 ,,Am M√ºhlbach 12 ,87487 Wiggensbach ,www.purschwarz.de ,https://www.instagram.com/purschwarz,https://www.facebook.com/purschwarzkaffeeroesterei,https://www.purschwarz.de,"R√∂stkaffee, 5,90 ‚Ç¨ Versandkosten, zu jeder Bestellung gibt es ein 10% Rabattgutschein f√ºr die zweite Bestellung ",Internetseite,Direkte Rechnung vom Shop √ºber PayPal und Kreditkarte,/unternehmen/purschwarz-kaffee.png,,https://www.purschwarz.de,"Ich best√§tige hiermit, dass meine Angaben korrekt sind und ich der Eigent√ºmer, des anzuzeigenden Unternehmens bin., Ich stimme zu, dass meine Daten auf der Webseite tante-hilde.org ver√∂ffentlicht werden.",+491751646157,,,
26.03.2020 11:49:49,Franz&Xaver Bio-B√§ckerei,Gabriele Huber,Lebensmittel,info@franzundxaver.de,0831/23535,,Maler-Lochbihler-Stra√üe 2,87435 Kempten,www.franzundxaver.de,https://www.instagram.com/franz_xaver_,https://www.facebook.com/franzundxaver/,,"Lieferung & Abholung, Bestellung bis 17Uhr und Lieferung am darauffolgenden Vormittag, Abholung sofort, bei Lieferung Mindestbestellwert 12 ‚Ç¨",Email,bar oder bei Lieferung ab 25 ‚Ç¨ per Rechnung,/unternehmen/F&X_Logo_claim_unten.png,,,"Ich best√§tige hiermit, dass meine Angaben korrekt sind und ich der Eigent√ºmer, des anzuzeigenden Unternehmens bin., Ich stimme zu, dass meine Daten auf der Webseite tante-hilde.org ver√∂ffentlicht werden.",,,,
26.03.2020 12:50:56,Mandala Caf√© & Yoga,Aim√©e Gah,Gastronomie,Info@mandala-Oberstdorf.de,+49 8322 1839662,,Weststra√üe 14,87561 Oberstdorf ,https://www.mandala-oberstdorf.de/,https://www.instagram.com/mandala.cafe.yoga/,https://m.facebook.com/MandalaCafeYoga/,https://www.mandala-oberstdorf.de/Klassen-Kursen,Online Yoga und Essen To-Go,Internetseite,Online Buchung von Yoga-Stunden,https://tramino.s3.amazonaws.com/s/mandala-oberstdorf/902971/1200.jpg,https://youtu.be/s6MSDRT4IE8,https://tramino.s3.amazonaws.com/s/mandala-oberstdorf/1005278/kw13.pdf,"Ich best√§tige hiermit, dass meine Angaben korrekt sind und ich der Eigent√ºmer, des anzuzeigenden Unternehmens bin., Ich stimme zu, dass meine Daten auf der Webseite tante-hilde.org ver√∂ffentlicht werden.",+49 171 6921615,,,
26.03.2020 13:09:35,Gaumengold¬Æ Essen.Trinken.Gl√ºck!,Gabi Vorsatz,Gastronomie,info@gaumen-gold.de,0831-540 963 63,,Residenzplatz 27,87435 Kempten,https://www.gaumen-gold.de,https://www.instagram.com/gaumengold_kempten/,https://www.facebook.com/Gaumengold.Essen.Trinken.Glueck/,,"Telefonische Vorbestellung m√∂glich, Gutscheine per Post, ",Telefon,"Vorort: Bar, EC // per √úberweisung im Vorfeld (Vorauskasse)",https://www.gaumen-gold.de/design/logo-gaumen-gold-burger-kempten-allgaeu.png,,https://www.gaumen-gold.de/download/gg_speisekarte_190509_komplett_small.pdf,"Ich best√§tige hiermit, dass meine Angaben korrekt sind und ich der Eigent√ºmer, des anzuzeigenden Unternehmens bin., Ich stimme zu, dass meine Daten auf der Webseite tante-hilde.org ver√∂ffentlicht werden.",,,,
26.03.2020 14:14:36,Brillen Neubauer ,Michael Sonnenberg,Schmuck /Optik,Brillen-neubauer@t-online.de ,0831 29229 ,0831 5206437,Fischersteige 9,87435 Kempten ,Brillen-neubauer@jimdo.com ,https://instagram.com/brillen_neubauer_kempten?igshid=166v1c2nx6z73,Keiner,Keiner ,Rechnung und per Post ,Email,"Per Post, Rechnung",https://scontent-frt3-2.cdninstagram.com/v/t51.2885-19/s320x320/90668595_223547175424744_779070109300817920_n.jpg?_nc_ht=scontent-frt3-2.cdninstagram.com&_nc_ohc=aukKBjKEEKcAX-lO-NK&oh=804cec552e8941a325a9e85442c4b84a&oe=5EA49182,Kein,,"Ich best√§tige hiermit, dass meine Angaben korrekt sind und ich der Eigent√ºmer, des anzuzeigenden Unternehmens bin., Ich stimme zu, dass meine Daten auf der Webseite tante-hilde.org ver√∂ffentlicht werden.",01578 7070315,,,
26.03.2020 14:25:09,1803 born in the Alps¬Æ,,Bekleidung / Accessoires,marketing@schratt-1803.de,,,Weststra√üe 12,87561 Oberstdorf,https://1803.de,https://www.instagram.com/1803_born_in_the_alps/,https://facebook.com/1803BornInTheAlps/,https://1803.de,"Kleidung, die Dir die Freiheit gibt, das zu tun, woauf Du Lust hast. Das ist 1803.

Unsere Bekleidung und Accessoires k√∂nnt ihr vor√ºbergehend auch √ºber unsere Homepage www.1803.de bestellen. Wir versenden deutschlandweit.",Internetseite,Die Bezahlung ist per PayPal und √úberweisung m√∂glich.,/unternehmen/1803-Logo.png,,,"Ich best√§tige hiermit, dass meine Angaben korrekt sind und ich der Eigent√ºmer, des anzuzeigenden Unternehmens bin., Ich stimme zu, dass meine Daten auf der Webseite tante-hilde.org ver√∂ffentlicht werden.",,,,
26.03.2020 15:21:44,artgrade modedesign,Katja Angerer,Bekleidung / Accessoires,k.angerer@artgra.de,0831-56586013,,Klosterwiese 13,87437 Kempten,https://www.artgrade.de,https://www.instagram.com/artgrade_modedesign/,https://www.facebook.com/artgradeModedesign,www.artgra.de,"Unter meinem SHIRT-LABEL findet ihr ausschlie√ülich selbst entworfene, individuelle Artworks. 

Es erwartet euch ein vielf√§ltiger Motiv-Mix von alpenl√§ndisch - trachtig, √ºber die Liebe zu Natur und Brauchtum (Allg√§ushirts),
bis hin zu s√º√üen, kindgerechten Motiven zur Einschulung oder zum Geburtstag.
Auch sind die Prints mit eurem WUNSCHNAMEN INDIVIDUALISIERBAR!

Versand, Bezahlung und Lieferung der Shirts erfolgt √ºber Spreadshirt; Infos findet ihr auf www.artgra.de.
Wechselnde Rabattaktionen werden √ºber Instagram, Facebook und die Shopseite beworben!",Internetseite,"Die Lieferung erfolgt weltweit. Weitere Informationen zur Lieferung und Bezahlung k√∂nnen auf www.help.spreadshirt.com/hc/de eingesehen werden.
Die Bezahlung erfolgt ebenfalls √ºber Spreadshirt nach Wahl des Kunden per Lastschrift (SEPA-Basis-Mandat), Kreditkarte, Vorkasse oder weiteren Bezahlverfahren",https://scontent-frt3-2.cdninstagram.com/v/t51.2885-19/s320x320/50649869_375693329676609_8499221597058498560_n.jpg?_nc_ht=scontent-frt3-2.cdninstagram.com&_nc_ohc=Pz5HVcxkWU4AX9qeb7G&oh=e5c508a18ed167a359c3ccffc552a582&oe=5EA46FF9,,,"Ich best√§tige hiermit, dass meine Angaben korrekt sind und ich der Eigent√ºmer, des anzuzeigenden Unternehmens bin., Ich stimme zu, dass meine Daten auf der Webseite tante-hilde.org ver√∂ffentlicht werden.",0176-21179251,,,
26.03.2020 15:51:07,Floating Allg√§u ‚Äì Kokon Entspannungsbad,Gaby Schmid,Gesundheit / Kosmetik,floating2000@t-online.de,+49 8323 51738,,am Pl√§tz 13,"87509, Immenstadt",https://www.kokon-entspannungsbad.de/,,,,"Floating im Allg√§u ‚Äì ein Wellness-Erlebnis der besonderen Art als GUTSCHEIN!

Wenn dieser ganze Corona-Stress vorbei ist, sollte man erst mal ein tun: entspannen. 

Im Kokon Entspannungsbad in Immenstadt geht das auf eine ganz besondere Art: Im Floating-Tank! Ein Becken, gef√ºllt mit bestem Salz aus dem Toten Meer, versetzt dich sofort in einen einzigartigen Zustand der Schwerelosigkeit. Du schwebst im Wasser ‚Äì so wie im Toten Meer.

Entspannen, loslassen und Schwerelosigkeit erleben.

Hol dir deinen Gutschein jetzt, entspanne, wann du willst.

Rufe +49 8323 51738 an ‚Äì oder schreibe mir auf dieser Nummer √ºber WhatsApp. 

F√ºr dich selbst, oder zum verschenken. 

‚Äã
",Telefon,Nach Absprache,/unternehmen/floating-kokon-entspannungsbad.png,https://www.youtube.com/watch?v=BzrPYvMFMm8&feature=emb_logo,https://www.transfernow.net/MaopII032020,"Ich best√§tige hiermit, dass meine Angaben korrekt sind und ich der Eigent√ºmer, des anzuzeigenden Unternehmens bin.",,,,
26.03.2020 16:14:49,zweigstelle ,Brigitta Schwarz,Dekoration / Geschenke,Info@diezweigstelle.de,07561 98 34566,Kein Fax,Marktstra√üe 30,88299 Leutkirch ,www.diezweigstelle.de,https://www.instagram.com/diezweigstelle/,die zweigstelle,,"Wir sind ein Conceptstore mit den Bausteinen Mode Babybekleidung Schmuck Geschirr Deko und k√∂stliche Lebensmittel.
Wir liefern vor die Haust√ºre oder verschicken.",Facebook,Rechnung oder Paypal ,https://www.diezweigstelle.de/files/die-zweigstelle_logo2.png,,,"Ich best√§tige hiermit, dass meine Angaben korrekt sind und ich der Eigent√ºmer, des anzuzeigenden Unternehmens bin., Ich stimme zu, dass meine Daten auf der Webseite tante-hilde.org ver√∂ffentlicht werden.",0176 24 70 7382,,,
26.03.2020 16:45:46,Bahnhof-Apotheke,Dietmar Wolz und das Team der Bahnhof-Apotheke,Gesundheit / Kosmetik,redaktion@bahnhof-apotheke.de,08315226622,08315226633,Bahnhofstra√üe 12,87435 Kempten,https://www.bahnhof-apotheke.de/lieferservice.html,https://www.instagram.com/bahnhofapotheke.kempten,https://www.facebook.com/BahnhofApotheke/,shop.bahnhof-apotheke.de,"Lieferservice von Medikamenten nach Hause

Nutzen Sie unseren Botendienst, vor allem auch wenn Sie zu einer Risikogruppe* z√§hlen. 
Arzneimittelsicherheit geht vor ‚Äì wir liefern temperaturkontrolliert.
Bestellen Sie telefonisch 0831/5 22 66 22, per Fax 0831 52266 33 oder per E-Mail pc@bahnhof-apotheke.de

Sie k√∂nnen Ihre Bestellung auch √ºber die App ""CallmyApo"" machen. Weiter Infos und Konfiguration unter: https://www.bahnhof-apotheke.de/lieferservice.html

- Bestellungen, die bis 16.00 Uhr bei uns eingehen versuchen wir am selben Tag auszuliefern
- Bitte keine Bargeld-Zahlung ‚Äì die Lieferung erfolgt auf Rechnung
- Wir liefern an die T√ºre, klingeln 3x und stellen die Lieferung von der T√ºre ab, dann beobachten wir mit Abstand, wie Sie das Paket annehmen
- Notfalls k√∂nnen Sie uns eine Zeiteinschr√§nkung angeben
- Bitte geben Sie uns Ihre Telefonnummer an, falls wir R√ºckfragen haben

Kostenfrei im Umkreis von ca.  12 km. Schnell, einfach und zuverl√§ssig!

Weitere Infos, auch zu den Risikogruppen unter https://www.bahnhof-apotheke.de/lieferservice.html

Die Produkte aus unserem Online-Shop werden zeitnah per DHL verschickt.","Telefon, Email, Fax, Onlineshop, ""CallmyApo""-App","- Bestellungen, die bis 16.00 Uhr bei uns eingehen versuchen wir am selben Tag auszuliefern
- Bitte keine Bargeld-Zahlung ‚Äì die Lieferung erfolgt auf Rechnung
- Wir liefern an die T√ºre, klingeln 3x und stellen die Lieferung von der T√ºre ab, dann beobachten wir mit Abstand, wie Sie das Paket annehmen
- Notfalls k√∂nnen Sie uns eine Zeiteinschr√§nkung angeben
- Bitte geben Sie uns Ihre Telefonnummer an, falls wir R√ºckfragen haben

Kostenfrei im Umkreis von ca.  12 km. Schnell, einfach und zuverl√§ssig!

Bestellungen aus unserem Shop werden per DHL innerhalb von 1-3 Tagen (Deutschland) zugestellt. Zahlungsarten im Shop sind √ºber paydirekt, Sofort√ºberweisung, Paypal, Sepa-Lastschrift und √úberweisung m√∂glich",https://www.bahnhof-apotheke.de/design/logo-bahnhof-apotheke-kempten.png,,https://www.bahnhof-apotheke.de/download/produktkatalog.pdf,"Ich best√§tige hiermit, dass meine Angaben korrekt sind und ich der Eigent√ºmer, des anzuzeigenden Unternehmens bin., Ich stimme zu, dass meine Daten auf der Webseite tante-hilde.org ver√∂ffentlicht werden.",,,,
26.03.2020 17:02:03,Jeremias Freinbichler-Kallabis - Irgendwas mit Computern...,Jeremias Freinbichler-Kallabis,B√ºro / Computer,jfkallabis@outlook.de,+4983759297123,,Hauchenbergweg 12,87480 Weitnau,,,,,"Unterst√ºtzung bei Computerproblemen - Remote, per Telefon, Video/Voicechat - Haupts√§chlich am Abend und am Wochenende. Ihr erreicht mich am Besten per Mail oder Whatsapp.",Whatsapp,"Bar, √úberweisung, Rechnung",,,,"Ich best√§tige hiermit, dass meine Angaben korrekt sind und ich der Eigent√ºmer, des anzuzeigenden Unternehmens bin., Ich stimme zu, dass meine Daten auf der Webseite tante-hilde.org ver√∂ffentlicht werden.",+4916091960985,,,
26.03.2020 17:14:29,Handvoll Makramee,Chinny,Dekoration / Geschenke,Handvollmakramee@web.de,,,Haubenschlo√üstra√üe 23,87435 Kempten,etsy.com/shop/handvollmakramee,https://www.instagram.com/handvollmakramee/,https://m.facebook.com/handvollmakramee,,Selbstabholung oder Versand der Artikel,Instagram,"Zahlen k√∂nnt ihr per Bank√ºberweisung oder Paypal, Abholung oder Versand m√∂glich",https://scontent-frt3-2.cdninstagram.com/v/t51.2885-19/s320x320/91262834_242415170230038_772784158375149568_n.jpg?_nc_ht=scontent-frt3-2.cdninstagram.com&_nc_ohc=uIHuY4Hq9zcAX_kliGd&oh=7a8b223d84f29373c6367d569b803ec8&oe=5EA53CA4,,,"Ich best√§tige hiermit, dass meine Angaben korrekt sind und ich der Eigent√ºmer, des anzuzeigenden Unternehmens bin., Ich stimme zu, dass meine Daten auf der Webseite tante-hilde.org ver√∂ffentlicht werden.",,,,
26.03.2020 17:11:45,PurNatur - Naturkostladen und Bistro,Dietmar Wolz und das Team des PurNatur,Lebensmittel,redaktion@purnatur-kempten.de,08315226695,083152266581,Kotternerstra√üe 78-80,87435 Kempten,https://www.bahnhof-apotheke.de/pn_lieferservice.html,https://www.instagram.com/purnaturkempten,https://www.facebook.com/PurNaturKempten/,,"WIR HELFEN IHNEN IN DER ZEIT DER AUSGANGSBESCHR√ÑNKUNG!
Bestellung unter:
Tel.: 0831 - 5 22 66 95
Fax: 0831 - 5 22 66 581
E-Mail: info@purnatur-kempten.de
 
LIEFERUNG BIOKISTE & NATURKOSTPRODUKTE AUS UNSEREM LADENSORTIMENT
- Umkreis von ca. 15 km
- Abgabe in haushalts√ºblichen Mengen
- Bestellannahme bis 16 Uhr ‚Äì Auslieferung m√∂glichst am gleichen Tag bis 19 Uhr oder am Folgetag (nach R√ºcksprache); Zeiteinschr√§nkung & Telefonnummer f√ºr R√ºckfragen angeben
- Lieferkosten: 5‚Ç¨ / Kostenfreie Lieferung ab 30‚Ç¨ Bestellwert und f√ºr Risikogruppe*
- Getr√§nke: nur nicht-alkoholische Getr√§nke max. je 1 Kiste / 12 Flaschen
- Speisen: warmes Essen d√ºrfen wir nicht liefern; Mittagessen ‚Äûto go‚Äú f√ºr Selbstabholung erh√§ltlich
- Bezahlung: keine Bargeld-Zahlung ‚Äì Lieferung auf Rechnung
- Zustellung: wir liefern kontaktlos an die T√ºr, klingeln 3x und hinterlegen die Lieferung am vereinbarten Platz. Bitte stellen Sie eine kontaktlose Abstellm√∂glichkeit sicher.

BIOKISTE ‚Äì VITAMINE DIREKT NACH HAUSE GELIEFERT:
Ab sofort liefern wir frisches, regionales und saisonale Bio-Obst & Gem√ºse auch wieder direkt zu Ihnen nach Hause. Das Angebot entspricht unseren tagesaktuellen Ladenpreisen
aus unserem Bio-Sortiment.
Risikopersonen* auch hier kostenfrei!

*Zur Risikogruppe z√§hlen laut Robert-Koch-Institut (RKI):
√§ltere Menschen ab 50‚Äì60 Jahren
√§ltere Menschen mit Grunderkrankungen
Menschen mit Grunderkrankungen wie Herzkreislaufst√∂rungen, Diabetes, Atemwegserkrankungen, Leber-, Nieren- oder Krebserkrankungen ‚Äì unabh√§ngig vom Alter
Menschen mit unterdr√ºcktem Immunsystem (also einer Immunschw√§che)
Menschen, die gewisse Medikamente einnehmen, die die Immunabwehr unterdr√ºcken (wie z.B. Cortison)

Weitere Infos: https://www.bahnhof-apotheke.de/pn_lieferservice.html","Telefon, Fax, Email","Bezahlung: keine Bargeld-Zahlung ‚Äì Lieferung auf Rechnung

Zustellung: wir liefern kontaktlos an die T√ºr, klingeln 3x und hinterlegen die Lieferung am vereinbarten Platz. Bitte stellen Sie eine kontaktlose Abstellm√∂glichkeit sicher.
",https://www.bahnhof-apotheke.de/img/banner_purnatur_.jpg,,https://www.bahnhof-apotheke.de/download/lieferservice_pn_neu.pdf,"Ich best√§tige hiermit, dass meine Angaben korrekt sind und ich der Eigent√ºmer, des anzuzeigenden Unternehmens bin., Ich stimme zu, dass meine Daten auf der Webseite tante-hilde.org ver√∂ffentlicht werden.",,,,
26.03.2020 18:34:02,FASHION FOR FRIENDS,Silvia Fili-Montanini,Bekleidung / Accessoires,fashion@f4f.cc,+49-8321-6076324,keines,Blumestr. 2,87527 Sonthofen,www.f4f.cc,,https://www.facebook.com/f4f.cc/?ref=bookmarks,https://www.ethical-fashion.shop/shop.html,"Bestellungen Onlineshop, Telefon, WhatsApp, E-Mail ",Internetseite,Kreditkarte,https://www.ethical-fashion.shop/uploads/1/0/1/2/10129669/fff-1c-head.png,,,"Ich best√§tige hiermit, dass meine Angaben korrekt sind und ich der Eigent√ºmer, des anzuzeigenden Unternehmens bin., Ich stimme zu, dass meine Daten auf der Webseite tante-hilde.org ver√∂ffentlicht werden.",+49-151-53788164,,,
26.03.2020 18:39:37,Caf√© Mokka,Sonja Geyer,Gastronomie,info@mokka-cafe.de,08361/925542,08361922385,An der Riese 1,87484 Nesselwang,www.mokka-cafe.de,https://www.instagram.com/cafemokkanesselwang/,https://de-de.facebook.com/pages/category/Coffee-Shop/Caf√©-Mokka-107741126534855/,http://www.mokka-cafe.de/,"
Wir bieten folgende Gerichte an:
Tomatensuppe, Kartoffelsuppe und Gulaschsuppe, jeweils mit einer frischen Semmel
Ofenkartoffel mit Sour Cream /+Lachs
Hamburger und Cheeseburger
Schinken-, und Salamiseele
Tunfisch-, und Tomate-Mozzarellaseele
K√§se-, und Camembertseele mit Preiselbeeren
An bestimmten Tagen SELBSTGEMACHTE K√§sesp√§tzle

Wir liefern in Nesselwang auch ans Haus ab einem Mindestbestellwert von 15 Euro.
Wir freuen uns auf Euch!
Euer Cafe-Mokka Team",Telefon,Barzahlung ,/unternehmen/mokka.png,,http://www.mokka-cafe.de/speisekarte-bistro.html,"Ich best√§tige hiermit, dass meine Angaben korrekt sind und ich der Eigent√ºmer, des anzuzeigenden Unternehmens bin., Ich stimme zu, dass meine Daten auf der Webseite tante-hilde.org ver√∂ffentlicht werden.",01629250644,Montag-Samstag 11-13 Uhr,,
26.03.2020 18:55:18,Weber Kaffee Spezialhaus f√ºr Kaffee,Matthias Hagspiel ,Lebensmittel,info@weber-kaffee.com,0831 202035,0831,"Rathausplatz, 22","87435, Kempten ",https://www.weber-kaffee.com,https://www.instagram.com/weberkaffee,https://www.facebook.com/KaffeeWeber/,https://shop.weber-kaffee.com,"Ab 20‚Ç¨ kostenlos in Kempten, sonst DHL +Porto",Telefon,Siehe Shop,/unternehmen/weber.png,,,"Ich best√§tige hiermit, dass meine Angaben korrekt sind und ich der Eigent√ºmer, des anzuzeigenden Unternehmens bin., Ich stimme zu, dass meine Daten auf der Webseite tante-hilde.org ver√∂ffentlicht werden.",01520 9858605,,,
26.03.2020 19:04:04,Herzst√ºck Fotografie - Janine Brunner,Janine Brunner,Kreative Dienste,herzstueck.fotografie@gmail.com,0831 69719733,,Poststra√üe 5,87435 Kempten,https://herzstueck-fotografie.jimdofree.com,https://www.instagram.com/herzstueck.fotografie/,https://www.facebook.com/herzstueckfotografin/,,"Ihr k√∂nnt bei mir Gutscheine f√ºr Shootings (Familien-, Baby-, Schwangerschafts-, Portrait, Hochzeits-Shooting o.√§.) erwerben, per PayPal oder √úberweisung bezahlen & bekommt den Gutschein per E-Mail oder per Post zugesendet","Ihr k√∂nnt mich per Telefon, E-Mail, Instagram oder Facebook erreichen","Per PayPal oder √úberweisung, Zustellung der Gutscheine als PDF per E-Mail oder ausgedruckt per Post",/unternehmen/herzstueck.fotografie.jpg,,https://we.tl/t-99BlyYmZvv (als Logo :-)),"Ich best√§tige hiermit, dass meine Angaben korrekt sind und ich der Eigent√ºmer, des anzuzeigenden Unternehmens bin., Ich stimme zu, dass meine Daten auf der Webseite tante-hilde.org ver√∂ffentlicht werden.",,,,
26.03.2020 19:42:17,artgrade tonwerk,Katja Angerer ,Dekoration / Geschenke,k.angerer@artgra.de,0831-56586013,,Klosterwiese 13,87437 Kempten,,https://www.instagram.com/artgrade_tonwerk/,https://www.facebook.com/ArtgradeTonwerk/?modal=admin_todo_tour,,"- Verkauf von GUTSCHEINEN f√ºr individuelle Keramik-Workshops.
T√∂pfern als ""kreative Auszeit"" genie√üen; Erstellung und farbliche Gestaltung eines eigenen Keramik-Unikats innerhalb eines Themen-Workshops. 
N√§here Details und Ablauf gerne telefonisch!

KERAMIKKUNST - mit viel Liebe zum Detail - handgefertigt im Allg√§u!
Einzelst√ºcke  - siehe Impressionen auf Instagram und Facebook. 
Innerhalb der Stadt Kempten kostenlos lieferbar; Versand nur bei Keramik-Schmuckartikeln m√∂glich. Auch hier k√∂nnen nat√ºrlich Geschenkgutscheine k√§uflich erworben werden . 
Details und n√§here Informationen gerne telefonisch oder per Email.",Telefon,Versand der Gutscheine auf dem Postweg; Keramikunikate k√∂nnen innerhalb der Stadt Kempten vor die Haust√ºr geliefert werden. Bezahlung per √úberweisung oder PayPal m√∂glich.,/unternehmen/artgrade-ton.jpg,,,"Ich best√§tige hiermit, dass meine Angaben korrekt sind und ich der Eigent√ºmer, des anzuzeigenden Unternehmens bin., Ich stimme zu, dass meine Daten auf der Webseite tante-hilde.org ver√∂ffentlicht werden.",0176-21179251,,,
26.03.2020 21:10:26,Tabakhaus Raupold,Gerhard Raupold,Lebensmittel,info@raupold.de,08321/2448,08321/71268,Hochstr. 2,87527 Sonthofen,www.raupold.de,https://www.instagram.com/raupold.de/?hl=de,www.facebook.com/tabakexpress.de,www.tabakexpress.de,"Im Stadtgebiet Sonthofen liefern wir nach telefonischer Bestellung pers√∂nlich aus, dar√ºber hinaus gerne Bestellung √ºber www.tabakexpress.de, Lieferung erfolgt dann per DHL",Email,Pers√∂nlich/per DHL    Bezahlung per √úberweisung,https://www.raupold.de/img/Raupold-Signet-ageCheck.png,,,"Ich best√§tige hiermit, dass meine Angaben korrekt sind und ich der Eigent√ºmer, des anzuzeigenden Unternehmens bin., Ich stimme zu, dass meine Daten auf der Webseite tante-hilde.org ver√∂ffentlicht werden.",,,,
26.03.2020 21:21:23,Barbara Burstall design & illustration,Barbara Burstall,Dekoration / Geschenke,burstall.barbara@gmail.com,,,Illerstra√üe 4,87487 Wiggensbach,www.barbaraburstall.com,https://www.instagram.com/barbara_burstall/,,shop.barbaraburstall.com,online,Internetseite,√úber den Etsy Shop,https://i.etsystatic.com/isla/8b14c1/36683160/isla_180x180.36683160_hm4srhlz.jpg?version=0,,,"Ich best√§tige hiermit, dass meine Angaben korrekt sind und ich der Eigent√ºmer, des anzuzeigenden Unternehmens bin., Ich stimme zu, dass meine Daten auf der Webseite tante-hilde.org ver√∂ffentlicht werden.",,,,
26.03.2020 21:33:07,Marktplatz 4,Sebastian Mezger,Lebensmittel,marktplatz4@posteo.de,083349890529,,Marktplatz 4,87730 Bad Gr√∂nenbach,http://marktplatz4.org,,,,,Email,Nach Absprache,https://jimdo-storage.freetls.fastly.net/image/49448066/fbf49b41-5db8-4825-abed-cdf57d0265a7.jpg,,,"Ich best√§tige hiermit, dass meine Angaben korrekt sind und ich der Eigent√ºmer, des anzuzeigenden Unternehmens bin., Ich stimme zu, dass meine Daten auf der Webseite tante-hilde.org ver√∂ffentlicht werden.",,,,
26.03.2020 22:51:02,Allg√§u goes FairFashion,Steffen,Bekleidung / Accessoires,steffen@agff.eu,01773457271,,"Stuibenweg, 26",Kempten,https://www.allgaeugoesfairfashion.eu/,https://www.instagram.com/allgaeu_goes_fairfashion/,https://www.facebook.com/allgaeugoesfairfashion/,,"Bald geht der Shop online :)
Wir sammeln Bestellungen und liefern freitags per Fahrrad aus.
",Internetseite,"per Online-Banking, PayPal, etc.",/unternehmen/allgaeugoesfairfashion.png,https://vimeo.com/367257461,,"Ich best√§tige hiermit, dass meine Angaben korrekt sind und ich der Eigent√ºmer, des anzuzeigenden Unternehmens bin., Ich stimme zu, dass meine Daten auf der Webseite tante-hilde.org ver√∂ffentlicht werden.",015735574477,,,
27.03.2020 08:15:58,bigBOX ALLG√ÑU,Anna Hamberger,Freizeit / Hobby,anna.hamberger@bigboxallgaeu.de,,,Kotterner Stra√üe 62-64,87435 Kempten,https://www.bigboxallgaeu.de/,https://www.instagram.com/bigboxallgaeu/,https://www.facebook.com/bigboxallgaeu/,https://tickets.bigboxallgaeu.de/eventim.webshop/webticket/coupon,,Internetseite,"Die Gutscheine werden mit der Post verschickt oder k√∂nnen zuhause selbstausgedruckt werden. Bezahlt kann per √úberweisung, Giropay, Paypal und mit Kreditkarte.",https://www.bigboxallgaeu.de/fileadmin/user_upload/Allgemein/Logo_bBA.jpg,,,"Ich best√§tige hiermit, dass meine Angaben korrekt sind und ich der Eigent√ºmer, des anzuzeigenden Unternehmens bin., Ich stimme zu, dass meine Daten auf der Webseite tante-hilde.org ver√∂ffentlicht werden.",,,,
27.03.2020 09:14:55,Caff√© Roma / Basoni Kaffee,Norbert Sailer,Gastronomie,info@basoni-kaffee.de,08303 9797,,Ottostr. 4 ,87448 Waltenhofen,www.caffe-roma.de,https://www.instagram.com/cafferomakempten/?hl=de,https://www.facebook.com/pages/category/Coffee-Shop/Caffe-Roma-Kempten-103312416404858/,https://basoni.myshopify.com,"Liebe G√§ste, auf unsere Produkte und Kaffee m√ºsst ihr nicht verzichten! :-) in unserem Neuen Shop bekommt ihr alle Kaffees und viele Produkte aus dem Roma! Freuen uns dort begr√º√üen zu d√ºrfen. ",Internetseite,DHL / G√§nge Zahlungen im Onlineshop ,/unternehmen/cafferoma.png,,,"Ich best√§tige hiermit, dass meine Angaben korrekt sind und ich der Eigent√ºmer, des anzuzeigenden Unternehmens bin., Ich stimme zu, dass meine Daten auf der Webseite tante-hilde.org ver√∂ffentlicht werden.",01621965411,,,
27.03.2020 09:57:34,Autohaus SIRCH GmbH,,Handwerk,kempten@autohaus-sirch.de,0831 580010,,Gewerbestr. 1,87439 Kempten,www.Autohaus-SIRCH.de,https://www.instagram.com/autohaus_sirch/?hl=de,https://www.facebook.com/Autohaus.Sirch/,,"Wir haben ge√∂ffnet und halten Sie weiterhin mobil.
Unsere Kfz-Werkstatt ist weiterhin zu den gewohnten √ñffnungszeiten ge√∂ffnet.
Alle Infos zu den entsprechenden Ma√ünahmen beim Werkstattbesuch haben wir hier zusammengefasst:
https://www.autohaus-sirch.de/wir-halten-sie-mobil-und-sind-fuer-sie-da/ 

Im Bereich Handel, haben wir auf den Onlinevertrieb umgestellt und liefern im gesamten Allg√§u kostenlos an die Haust√ºre.
Unsere Automobilverk√§ufer stehen gerne telefonisch, per E-Mail oder WhatsApp zur Beratung bereit. 
Kontaktdaten: https://www.autohaus-sirch.de/mitarbeiter/ 
Eine pers√∂nliche Beratung vor Ort, sowie Probefahrten sind momentan leider nicht m√∂glich.Unseren aktuellen Fahrzeugbestand an Neu- und Gebrauchtwagen, sowie einen Neuwagenkonfigurator finden Sie auf unserer Homepage.
",Telefon,,/unternehmen/AH-SIRCH-Logo.jpg,,,"Ich best√§tige hiermit, dass meine Angaben korrekt sind und ich der Eigent√ºmer, des anzuzeigenden Unternehmens bin., Ich stimme zu, dass meine Daten auf der Webseite tante-hilde.org ver√∂ffentlicht werden.",,,,
27.03.2020 10:33:46,Metallmichl,Michael Blanz,Garten / Pflanzen,m.blanz@metallmichl.com,0831-98909230,,Gewerbestr. 5,87488 Betzigau,https://www.metallmichl.de/,,,https://www.metallmichl.de/,"Online-Shop ab 4,90 ‚Ç¨ Versandkosten und vor Ort mit gro√üem Schaugarten","Telefon, Email, Whatsapp, Internetseite",,https://shop.metallmichl.com/img/metallmichl-1573808577.jpg,https://www.youtube.com/watch?v=ce6jG1wRjG0,,"Ich best√§tige hiermit, dass meine Angaben korrekt sind und ich der Eigent√ºmer, des anzuzeigenden Unternehmens bin., Ich stimme zu, dass meine Daten auf der Webseite tante-hilde.org ver√∂ffentlicht werden.",,,,
27.03.2020 10:38:30,Allgaier-Allerlei,Florian Honold,Dekoration / Geschenke,allgaier-allerlei@gmx.de,015678741289,075629735393,Veilchenweg 17,88316 Isny im Allg√§u,https://www.allgei.de,https://www.instagram.com/allgaier.allerlei/,https://facebook.com/AllgaierAllerlei/,https://www.allgei.de,Online,"Internetseite, Facebook, Instagram","Lieferung erfolgt in der angegebenen Lieferzeit per DHL, Bezahlung per Paypal, Amazon-Pay, Bank√ºberwesiung / Vorauskasse, ",https://www.allgei.de/wp-content/uploads/2019/09/allgaier-allerlei-logo-75x75-1.jpg,,,"Ich best√§tige hiermit, dass meine Angaben korrekt sind und ich der Eigent√ºmer, des anzuzeigenden Unternehmens bin., Ich stimme zu, dass meine Daten auf der Webseite tante-hilde.org ver√∂ffentlicht werden.",015678741289,,,
27.03.2020 10:39:09,Cube Store Lindenberg - Radsport Greiner,,Fahrr√§der / Zubeh√∂r,info@radsport-greiner.de,08381-5344,,Blumenstr. 18,88161 Lindenberg,https://www.radsport-greiner.de/,https://www.instagram.com/cube_store_lindenberg/,https://www.facebook.com/RadsportGreiner/,https://onlineshop.radsport-greiner.de/,Wir bieten einen Rabatt von -10% auf alle Fahrr√§der. Gerne liefern wir kostenlos (je nach Auftragsh√∂he) bis zu einem Umkreis von 40 Kilometern,"Telefon, Email, Facebook, Instagram","Bezahlung per Kartenzahlung, √úberweisung und Paypal m√∂glich",,,,"Ich best√§tige hiermit, dass meine Angaben korrekt sind und ich der Eigent√ºmer, des anzuzeigenden Unternehmens bin., Ich stimme zu, dass meine Daten auf der Webseite tante-hilde.org ver√∂ffentlicht werden.",,,,
27.03.2020 10:41:01,WM-Funktechnik GmbH,Jeanette Weibeler,Unterhaltungs-Elektronik,info@wm-funk.de,0831522000,08315220025,Bahnhofstr. 44,87435 Kempten,https://www.wm-funk.de, https://www.instagram.com/invites/contact/?i=kzte451nkex8&utm_content=1uedcn3,https://www.facebook.com/wmfunk/,,"Beratung & Verkauf am Telefon oder/und E-Mail. Wir bieten alle Produkte der deutschen Telekom & congstar an - Mobilfunk & Festnetz; Smartphones & Zubeh√∂r; Festnetztelefone; Router & Zubeh√∂r; IOT Produkte; Dienstleistung und Service wie z. B. St√∂rungsmeldung oder Daten √ºbertragen. 
Sehr gerne liefern wir innerhalb Kempten und 10 km Umgebung. 
Wir freuen uns auf Eure Anfragen :)","Telefon, Email, Whatsapp, Fax, Internetseite, Facebook, Instagram",Bar; √úberweisung und PayPal,/unternehmen/wm-funktechnik.jpg,,,"Ich best√§tige hiermit, dass meine Angaben korrekt sind und ich der Eigent√ºmer, des anzuzeigenden Unternehmens bin., Ich stimme zu, dass meine Daten auf der Webseite tante-hilde.org ver√∂ffentlicht werden.",Telekommunikation; Dienstleistung & Service,,,
27.03.2020 10:51:06,Restaurant Mylord ,Anna Musto ,Gastronomie,Annare26@gmx.de,,,Kotternerstrasse 72,87435 Kempten ,,,,,,Telefon,,,,,"Ich best√§tige hiermit, dass meine Angaben korrekt sind und ich der Eigent√ºmer, des anzuzeigenden Unternehmens bin., Ich stimme zu, dass meine Daten auf der Webseite tante-hilde.org ver√∂ffentlicht werden.",,,,
27.03.2020 11:06:21,Gasthaus Waldh√§usle,Tatjana Gei√ü,Lebensmittel,info@waldhaeusle.de,08303256,,Helen 95 1/2,87448 Waltenhofen,www.waldhaeusle.de,https://www.instagram.com/waldhaeusle/?hl=de,https://www.facebook.com/GasthausZumWaldhaeusle/,,"Unser Gasthaus ist aufgrund der aktuellen Situation 
leider vor√ºbergehend geschlossen. 

Wurstdosen & Gutscheine 
k√∂nnen aber gerne weiterhin 
bei uns gekauft werden. 

Hierf√ºr, darf gerne geklingelt werden, 
wir sind zuhause! üòä

Gerne verschicken wir unser Sortiment 
und nach R√ºcksprache liefern wir auch! 

Bestellungen gerne per Mail an die info@waldhaeusle.de 


Wir w√ºnschen viel Gesundheit & Kraft! 

Katharina & Tatjana 
","Email, Vorbeikommen und klingeln :) ",,/unternehmen/waldhaeusle.png,,,"Ich best√§tige hiermit, dass meine Angaben korrekt sind und ich der Eigent√ºmer, des anzuzeigenden Unternehmens bin., Ich stimme zu, dass meine Daten auf der Webseite tante-hilde.org ver√∂ffentlicht werden.",,,,
27.03.2020 11:10:26,Zengerle & Riederer H√∂rsysteme GmbH,Dominic Zengerle,Gesundheit / Kosmetik,info@zr-hoersysteme.de,083156569220,083156569221,Residenzplatz 1,87435 Kempten (Allg√§u),www.zr-hoersysteme.de,https://www.instagram.com/zrhoersysteme/,https://www.facebook.com/ZRHOERSYSTEME/,https://www.heargood.de/,"Batterien, Reinigungs- und Pflegemittel und H√∂rger√§tezubeh√∂r k√∂nnen Sei in unserem Onlineshop www.heargood.de bestellen - alles kommt bequem nach Hause. Mit dem Code FREE-SHIPPING bekommen Sie noch bis zum 21. April die Bestellung sogar versandkostenfrei geliefert.",Internetseite,"Sie k√∂nnen wahlweise per Rechnung, PayPal, SOFORT√úberweisung, Kreditkarte, Apple Pay, oder Google Pay bezahlen.",https://www.zr-hoersysteme.de/wp-content/uploads/2018/04/ZR_Logo_350_Farbe.png,,,"Ich best√§tige hiermit, dass meine Angaben korrekt sind und ich der Eigent√ºmer, des anzuzeigenden Unternehmens bin., Ich stimme zu, dass meine Daten auf der Webseite tante-hilde.org ver√∂ffentlicht werden.",,,,
27.03.2020 11:17:13,zita products,Felicitas Gehring,M√∂bel / Einrichtungen,mail@zita-products.com,,,Wiesachweg 1,87544 Blaichach,www.zita-products.com,https://www.instagram.com/zitaproducts/,https://www.facebook.com/zitaproducts/,www.zita-products-shop.com,,Internetseite,"Bezahlung √ºber den Onlineshop, Versand per DHL",https://i.ibb.co/nfS6grh/zita.png,,,"Ich best√§tige hiermit, dass meine Angaben korrekt sind und ich der Eigent√ºmer, des anzuzeigenden Unternehmens bin., Ich stimme zu, dass meine Daten auf der Webseite tante-hilde.org ver√∂ffentlicht werden.",,,,
27.03.2020 11:36:14,Hubert Wipper Conditorei B√§ckerei e.K.,Herr Wipper,Lebensmittel,info@baeckerei-wipper.de,0831/22740,0831/5121387,Kronenstra√üe 27,98435 Kempten,www.baeckerei-wipper.de,,,,Konditorei und B√§ckereiartikel - to go Kaffee und Snacks,"Telefon, Email, Fax","nur bei gr√∂√üeren Mengen  ab 20,- Euto",/unternehmen/wipper.png,,,"Ich best√§tige hiermit, dass meine Angaben korrekt sind und ich der Eigent√ºmer, des anzuzeigenden Unternehmens bin.",,,,
27.03.2020 11:57:53,Urlauer GenussBrauerei ,Tobias Pflug ,Lebensmittel,bestellung@urlauer-genussbrauerei.de,,,Brauereiweg 3 ,88299 Leutkirch im Allg√§u ,www.urlauer-genussbrauerei.de,https://www.instagram.com/invites/contact/?i=1s06uhxmd6a4n&utm_content=ajsny69,https://www.facebook.com/Urlauer-GenussBrauerei-105313057622533/?modal=admin_todo_tour,,,"Email, Brieftaube",Bar & auf Rechnung ,https://www.urlauer-genussbrauerei.de/wp-content/uploads/elementor/thumbs/Logo_UrlauerGenussbrauerei_trans-ocyd85fjvikm1gx55w1ob49bvhckjeefb6hhnapx3k.png,,,"Ich best√§tige hiermit, dass meine Angaben korrekt sind und ich der Eigent√ºmer, des anzuzeigenden Unternehmens bin., Ich stimme zu, dass meine Daten auf der Webseite tante-hilde.org ver√∂ffentlicht werden.",017696638955,,,
27.03.2020 12:50:54,Sport & Mode Hapfelmeier,,Sport,Support@hapfelmeier.de,0831/13090,,Rathausstra√üe 1-3,87435 Kempten,www.hapfelmeier.de,https://www.instagram.com/sport_hapfelmeier/?hl=de,https://www.facebook.com/hapfelmeier/,http://schuh-box.de/epages/d3b511fa-8730-40c1-9c78-1f5e51f5be1e.mobile/?ObjectPath=/Shops/d3b511fa-8730-40c1-9c78-1f5e51f5be1e,"Egal ob Fitnesszubeh√∂r f√ºr Euer Training zuhause, eine bequeme Hose f√ºr¬¥s Sofa oder Jacken und Schuhe f√ºr das n√§chste Outdoorabenteuer. Wir versorgen Euch weiterhin mit (fast) allem was Ihr daf√ºr braucht. Ruft uns an, schreibt uns ne Mail oder schaut einfach in unserem Online-Shop vorbei.
Wir helfen Euch gerne weiter.","Telefon, Email, Internetseite","Versand, Lieferung, Abholung - √úberweisung, PayPal",/unternehmen/hapfelmeier.png,,,"Ich best√§tige hiermit, dass meine Angaben korrekt sind und ich der Eigent√ºmer, des anzuzeigenden Unternehmens bin., Ich stimme zu, dass meine Daten auf der Webseite tante-hilde.org ver√∂ffentlicht werden.",,Montag - Samstag telefonisch von 9.00 - 13.00 Uhr oder jederzeit per Mail,,
27.03.2020 12:53:35,artemisia - Allg√§uer Kr√§utergarten,Kaspar Schlosser,Lebensmittel,versand@artemisia.de,083860960510,,Hopfen 29,88167 Stiefenhofen,www.artemisia.de,,,https://artemisia.de/21-onlineshop,"Unser Hofladen hat auch weiterhin ge√∂ffnet und gerne versenden wir auch eure Bestellungen.

Wir im Artemisia bem√ºhen uns die Vielfalt und Fruchtbarkeit der Kulturlandschaft zu pflegen und zu erweitern.
Alles was ihr bei uns seht, f√ºhlt, riecht oder schmeckt kommt aus √∂kologischer Landwirtschaft.
Wir bauen Heil- und Gew√ºrzpflanzen an und verarbeiten diese zu Tees, Gew√ºrzen, Salzen und zu R√§ucherwerk.","Email, Internetseite","Solltet ihr einen Wunsch aus dem Hofladen haben erf√ºllen wir ihn euch gerne, wir versenden alles was vorr√§tig ist, schreibt uns eine Mail.
Wir versenden eure Bestellungen sp√§testens Freitags mit der Post. Bezahlung per Paypal oder Rechnung (diese liegt dann der Bestellung bei). Soll es einmal schneller gehen schreibt uns ein E-Mail an versand@artemisia.de.",https://artemisia.de/img/artemisia-logo-1486714196.jpg,,,"Ich best√§tige hiermit, dass meine Angaben korrekt sind und ich der Eigent√ºmer, des anzuzeigenden Unternehmens bin., Ich stimme zu, dass meine Daten auf der Webseite tante-hilde.org ver√∂ffentlicht werden.",,,,
27.03.2020 14:14:04,B√ºcher B√§ck,Angelika scholz,B√ºcher / Schreibwaren,buecherbaeck@augustakom.net,08323-986220,08323-986224,Klosterplatz 8,87509 Immenstadt,www.buecherbaeck.de,,,,,"Telefon, Email, Internetseite","Die B√ºcher k√∂nnen momentan im Reformhaus K√∂nig, Kapuzinergasse 2 gegen Barzahlung abgeholt werden. Bestellungen im Webshop k√∂nnen auch √ºber Paypal bezahlt werden. M√∂glich ist auch eine Belieferung.",https://www.buecherbaeck.de/sites/253450.umbreitshopsolution.de/files/logo.png,,,"Ich best√§tige hiermit, dass meine Angaben korrekt sind und ich der Eigent√ºmer, des anzuzeigenden Unternehmens bin., Ich stimme zu, dass meine Daten auf der Webseite tante-hilde.org ver√∂ffentlicht werden.",,,,
27.03.2020 14:26:06,freistil. ,Constantin Kiehne ,Gastronomie,restaurant@kiehnes-freistil.de,,,Schweineberg 20,87527 Ofterschwang,www.kiehnes-freistil.de,https://www.instagram.com/kiehnesfreistil/,https://www.facebook.com/kiehnesfreistil/,,"freistil. im Glas 
* wir bringen euch unser Restaurant nach Hause 
* mit frisch gekochten Gerichten im wiederverwendbaren Glas (1 ‚Ç¨ Pfand / Glas)
* zum Anw√§rmen/Anrichten zu Hause
* f√ºr den Lunch im Home-Office oder das Abendessen am eigenen Esstisch
* Lieferdienst und ""Drive-In"" zur Abholung von Mo - So
* Bestellung sp√§testens am Vortag bis 21.00 Uhr; gerne auch fr√ºher :-)
* kein Mindestbestellwert bei Abholung 
* Lieferungen ab einem Mindestbestellwert von 40 Euro
* Liefergebiete im Oberallg√§u: Ofterschwang, Bolsterlang, Fischen, Obermaiselstein, Oberstdorf, Sonthofen, Burgberg, Blaichach und Immenstadt
* Lieferzeitr√§ume: Mittags zwischen 12.00 und 14.00 Uhr; Abends zwischen 17.30 und 19.30 Uhr","Telefon, Email, Whatsapp, SMS","bei Abholung/Drive-In:  bar, EC, VISA, Master - kontaktlos per Karte bevorzugt 
bei Lieferung: bar, Visa/Master im Voraus bei Bestellung",https://kiehnes-freistil.de/wp-content/uploads/2016/12/freistil-Logo_Grau-ohne-Claim-1-300x233.png,https://www.instagram.com/tv/B94qAu-ob4X/,https://kiehnes-freistil.de,"Ich best√§tige hiermit, dass meine Angaben korrekt sind und ich der Eigent√ºmer, des anzuzeigenden Unternehmens bin., Ich stimme zu, dass meine Daten auf der Webseite tante-hilde.org ver√∂ffentlicht werden.",0157 33983407,Abholung & Lieferservice: Mo - So,,
27.03.2020 14:40:50,N√§hmaschinen Buder,Joachim M√∂sle,Haushaltsger√§te/-waren,info@naehmaschinen-buder.de,07561 2496,07561 5076,Marktstrasse 17,88299 Leutkirch,www.naehmaschinen-buder.de,,,,"ab 30,--‚Ç¨ Lieferung frei Haus per DHL / Bote","Telefon, Email, Fax",Rechnung,/unternehmen/naehmaschinen-buder.png,,,"Ich best√§tige hiermit, dass meine Angaben korrekt sind und ich der Eigent√ºmer, des anzuzeigenden Unternehmens bin., Ich stimme zu, dass meine Daten auf der Webseite tante-hilde.org ver√∂ffentlicht werden.",0151 11652833,Montag - Freitag 9 - 12 Uhr Anlieferung/ Abholung von N√§hmaschinen zur Reparatur,,
27.03.2020 15:34:19,Schmid-Gartenpflanzen,Mathias Schmid,Garten / Pflanzen,info@schmid-gartenpflanzen.de,08331/5314,08331/88409,Allg√§uer Stra√üe 15,87700 Memmingen,www.schmid-gartenpflanzen.de,,https://www.facebook.com/SchmidGartenpflanzen/,www.schmid-gartenpflanzen.de,"Wir haben ein Sortiment von ca. 400 Rosensorten und fast genau so vielen Clematis. Dazu noch Bio-Erde und biologische D√ºnger f√ºr fast alle Pflanzen, auch Rasen. Solange die Paketdienste noch funktionieren k√∂nnen Sie alles bequem in unserem Onlineshop auf Rechnung bestellen. 
Im Umkreis von ca. 10 km um Memmingen beliefern wir Sie auch gerne direkt. 
Aktuelle Aktionen und Rabatte k√∂nnen sie immer unter https://www.schmid-gartenpflanzen.de/angebote/ einsehen. 
Aufgrund von ausfallenden Gartenm√§rkten gibt es gerade auch Gutscheine f√ºr ware die Ab Juni verkaufsfertig wird. Diese Gutscheine k√∂nnen sie jetzt mit 10% Nachlass auf den Wert online kaufen, und ab Juni entweder Online oder bei uns in der G√§rtnerei einl√∂sen. 

","Telefon, Fax, Internetseite","Die Lieferung erfolgt mit DPD oder pers√∂nlicher Auslieferung (MM+ ca. 10km, oder nach Absprache), stets auf Rechnung",/unternehmen/schmid-garten.png,,,"Ich best√§tige hiermit, dass meine Angaben korrekt sind und ich der Eigent√ºmer, des anzuzeigenden Unternehmens bin., Ich stimme zu, dass meine Daten auf der Webseite tante-hilde.org ver√∂ffentlicht werden.",,Mo-Fr: 08-12 Uhr und 13-18 Uhr Sa: 08-14 Uhr ,,
27.03.2020 15:36:11,NEXPERTO GmbH,Dominik Tauscher,B√ºro / Computer,dt@nexperto.de,0831-2515660,0831-25156699,Heisinger Str. 15,"87437, Kempten",www.nexperto.de,https://www.instagram.com/nexperto_gmbh/?hl=de,https://www.facebook.com/nexperto/,,"Wir haben weiterhin regul√§r ge√∂ffnet und sind f√ºr Euch da! Wir unterst√ºtzen Euch bei der sicheren Einrichtung von Home-Office Arbeitspl√§tzen und der Nutzung von Anwendungen die Euch die Zusammenarbeit von zuhause aus erleichtern. Das fertig eingerichtete Home-Office liefern wir Euch im Gebiet Kempten kostenlos und fertig eingerichtet an die Haust√ºre.
Einen √úberblick √ºber unsere Leistungen findet Ihr unter: www.nexperto.de","Telefon, Email, Fax, Internetseite, Facebook, Instagram, Skype, MSTeams", ,https://nexperto.de/files/nexperto-logo-blanko.png,https://youtu.be/AqXeNAU1TSw,,"Ich best√§tige hiermit, dass meine Angaben korrekt sind und ich der Eigent√ºmer, des anzuzeigenden Unternehmens bin., Ich stimme zu, dass meine Daten auf der Webseite tante-hilde.org ver√∂ffentlicht werden.",,Mo. - Fr. 08:00 - 18:00 Uhr,,
27.03.2020 15:49:58,Staehlin GmbH,das Staehlin Team,Dekoration / Geschenke,janne.hain@staehlin.de,0831-521700,,Klostersteige 12-14,Kempten,www.staehlin.de,https://www.instagram.com/staehlin_1855/,https://www.facebook.com/StaehlinKempten,,"Aktuelle ‚Äû√ñffnungszeiten‚Äú bzw. B√ºrozeiten sind Montag bis Freitag von 8-17 Uhr
B√ºrowelt üñäüíªüñ®
Produkte sind im Onlineshop (www.staehlin.de) dargestellt, es kann per E-Mail (buerowelt@staehlin.de), telefonisch (0831-5216032) oder direkt √ºber den Onlineshop bestellt werden!

Papeterie‚úÇÔ∏èüñåüñç
Gerne k√∂nnen Kunden Bestellungen mit genauer Artikelbezeichnung oder Fotos aufgeben und eine Beratung per Telefon/ E-Mail in Anspruch nehmen! Gerne werden auch Schullisten zusammengestellt und an Kunden verschickt! Viele Schulranzen, Rucks√§cke, Schulmaterialien oder auch K√ºnstler- und Bastelbedarfe sind auf Lager!
E-Mail: papeterie@staehlin.de, Telefon: 0831-521700

Einrichtungskulturüõã
Projektanfragen, Angebote, Bestellungen werden gerne entgegen genommen!
E-Mail: einrichtungskultur@staehlin.de, Telefon: 0831-5217045

Kostenlose Lieferung ab einem Bestellwert von 49,00 ‚Ç¨.
Wir freuen uns √ºber jede Bestellung!
","Telefon, Email, Internetseite, Facebook, Instagram","Bezahlung: Vorkasse/auf Rechnung, Lieferung: wir liefern Ihnen die Ware kontaktlos oder Sie k√∂nnen die Ware kontaktlos bei uns abholen",/unternehmen/staehlin.jpg,,,"Ich best√§tige hiermit, dass meine Angaben korrekt sind und ich der Eigent√ºmer, des anzuzeigenden Unternehmens bin., Ich stimme zu, dass meine Daten auf der Webseite tante-hilde.org ver√∂ffentlicht werden.",,Montag - Freitag 8- 17 Uhr,,
27.03.2020 15:54:06,Wildfr√§ulein - Lodenkleidung f√ºr Berg und Tal,Sabine Manteuffel,Bekleidung / Accessoires,info@wildfraeulein.de,08334-3187017,,Nu√übaumstr. 9,87730  Bad Gr√∂nenbach,www.wildfraeulein.de,https://www.instagram.com/wildfraeulein_lodenkleidung,https://www.facebook.com/wildfraeulein/,https://www.wildfraeulein.de/,"Handgefertigt: Lieblingsst√ºcke aus Walk und Loden. Regional und besonders nachhaltig fertigen wir unsere Produkte direkt hier im Allg√§u. Jacken, Westen, tolle Mode f√ºr Berg und Tal. Einfach im Onlineshop bestellen oder auch gerne anrufen, ich berate euch sehr gerne!","Telefon, Email, Whatsapp, Internetseite, Facebook, Instagram","Ganz normal per DHL, Bezahlung per PayPal oder √úberweisung. Mobil √ºber SumUp Kartenzahlung ebenfalls m√∂glich.",/unternehmen/LogoWildfraeulein.png,,,"Ich best√§tige hiermit, dass meine Angaben korrekt sind und ich der Eigent√ºmer, des anzuzeigenden Unternehmens bin., Ich stimme zu, dass meine Daten auf der Webseite tante-hilde.org ver√∂ffentlicht werden.",,"Mo-Fr 10-12, 14-17 Uhr, Mittwochnachm. geschlossen,  Sa 10-13 Uhr ",,
27.03.2020 16:02:57,"Zweirad L√§mmle GmbH & Co, KG",Julia L√§mmle,Sport,info@zweirad-laemmle.de,083347217,,Ittelsburger Stra√üe 11,87730 Bad Gr√∂nenbach,www.zweirad-laemmle.de,https://www.instagram.com/zweirad_laemmle.de/,https://www.facebook.com/zweiradlaemmle,www.zweirad-laemmle.de,"Onlineshop, Viele tolle Angebote auf unserer Internetseite, 0% Finanzierung, Lieferung bis 25km kostenfrei, Werkstattservice","Telefon, Email, Internetseite","√úberweisung, Finanzierung, Paypal, Sofort √úberweisung",https://www.zweirad-laemmle.de/img/logo.png,https://www.youtube.com/watch?v=zxpnP1ZlczI,https://www.zweirad-laemmle.de/serviceleistungen.asp,"Ich best√§tige hiermit, dass meine Angaben korrekt sind und ich der Eigent√ºmer, des anzuzeigenden Unternehmens bin., Ich stimme zu, dass meine Daten auf der Webseite tante-hilde.org ver√∂ffentlicht werden.",,10.00-12.00-13.00-16.00,,
27.03.2020 16:04:37,Laufsport Saukel,Joachim Saukel,Sport,joachim@laufsport-saukel.de,0831 201218,,Kronenstr. 12,87435 Kempten,www.laufsport-saukel.de,https://www.instagram.com/laufsportsaukel/,https://www.facebook.com/laufsportsaukel/,"https://www.laufsport-saukel.de/OnlineShop/tabid/159/List/1/Default.aspx?SortField=ProductName,ProductName",Wir liefern versandkostenfrei. In Kempten und im Altlandkreis noch am gleichen Tag wenn die Bestellung bis 14:00 Uhr bei uns eingeht. Wir beraten auch via skype,"Telefon, Email, Internetseite, Facebook, Instagram, skype skypename: joachimsaukel",Rechnung,/unternehmen/saukel.png,/videos/saukel.mp4,,"Ich best√§tige hiermit, dass meine Angaben korrekt sind und ich der Eigent√ºmer, des anzuzeigenden Unternehmens bin., Ich stimme zu, dass meine Daten auf der Webseite tante-hilde.org ver√∂ffentlicht werden.",,Im Normalfall Mo - Fr 9:30 bis 18:00 Uhr und am Samstag 9:30 Uhr bis 16:00 Uhr,,
27.03.2020 16:31:44,obacht  - das Allg√§uer Familienmagazin,Manuela Subba,,info@obacht-magazin.de,08331 7569301,no,Kempter Stra√üe 6,87700 Memmingen,www.obacht-magazin.de,https://www.instagram.com/obacht_familienmagazin/,https://www.facebook.com/obachtfamilienmagazin/,www.obacht-magazin.de,"Das obacht Familienmagazin kann abonniert werden. 6 Ausgaben = 1 Jahr Lieferung frei Haus: 21,00 Euro. Das Abo endet nach einem Jahr und verl√§ngert sich nicht automatisch.","Telefon, Email",Die Rechnungstellung erfolgt mit der Lieferung der ersten Ausgabe.,/unternehmen/obacht.png,,,"Ich best√§tige hiermit, dass meine Angaben korrekt sind und ich der Eigent√ºmer, des anzuzeigenden Unternehmens bin., Ich stimme zu, dass meine Daten auf der Webseite tante-hilde.org ver√∂ffentlicht werden.",08331 7569301,no,,
27.03.2020 17:05:49,Primel Naturwaren,Waltraud Vogel,Bekleidung / Accessoires,info@primel.de,08372/7662 und 08372-2535,,Im Schlattes 16,87496 Untrasried,www.primel.de,,,,"Unser Versand l√§uft wie bisher weiter. Sie erhalten bei uns Naturtextilien und Naturwaren die konsequent √∂kologisch, sozialvertr√§glich und nachhaltig produziert sind. In erster Linie Baby-Ausstattung und eine gro√üe Auswahl an nat√ºrlicher, schadstofffreier Kleidung f√ºr Babys und Kinder, aber auch einige Accessoires f√ºr die Gro√üen, nat√ºrliche Unterw√§sche f√ºr die ganze Familie, sowie Bettwaren und viele andere sinnvolle Produkte. Gerne senden wir Ihnen unseren kostenlosen Katalog zu und beraten Sie auch gerne telefonisch! ","Telefon, Email, Internetseite","Wir liefern blitzschnell! Bestellungen bis 12.00 Uhr werden auf Wunsch am gleichen Tag verschickt - Lieferung mit DHL. Bezahlung per Rechnung, Sepa-Lastschrift oder Vorauskasse.",/unternehmen/Primel_Logo.png,,https://www.primel.de/UserFiles/Media/primel-katalog-2019-2020.pdf,"Ich best√§tige hiermit, dass meine Angaben korrekt sind und ich der Eigent√ºmer, des anzuzeigenden Unternehmens bin., Ich stimme zu, dass meine Daten auf der Webseite tante-hilde.org ver√∂ffentlicht werden.",0151-59837045,Mo - Fr. 9.00 - 12.00 / Do. 16.00 - 18.30 / Fr. 15.00 - 18.30 Uhr,,
27.03.2020 18:10:11,Restaurant Mylord ,Anna Musto ,Gastronomie,Annare26@gmx.de,0831/28374,,Kotternerstrasse 72,87435 kempten,,,,,Zur Zeit nur Abholung ,Telefon,,/unternehmen/mylord.png,,,"Ich best√§tige hiermit, dass meine Angaben korrekt sind und ich der Eigent√ºmer, des anzuzeigenden Unternehmens bin., Ich stimme zu, dass meine Daten auf der Webseite tante-hilde.org ver√∂ffentlicht werden.",,11:30-14:00 und 17:30-21:00,,
27.03.2020 18:23:43,Siegfried Liebherr e.K. ,Julia Liebherr ,Sicherheit,julia@s-liebherr.de,0831 71778,083172665,Rosenauberg 1,87437 Kempten,www.s-liebherr.de,https://www.instagram.com/siegfriedliebherr/?r=nametag,https://m.facebook.com/Siegfried.Liebherr,,"Beratungen und Infos gerne √ºber Telefon, Email oder WhatsApp. Lieferungen bis auf weiteres innerhalb Kemptens kostenlos ","Telefon, Email, Whatsapp, Fax, Internetseite, Facebook, Instagram","Lieferung innerhalb Kempten kostenfrei, Bezahlung bar, EC/Kreditkarte ",/unternehmen/liebher-schluessel.jpg,,,"Ich best√§tige hiermit, dass meine Angaben korrekt sind und ich der Eigent√ºmer, des anzuzeigenden Unternehmens bin., Ich stimme zu, dass meine Daten auf der Webseite tante-hilde.org ver√∂ffentlicht werden.",+4915141217169,"Mo-Fr 8-17 Uhr, Samstag vor√ºbergehend geschlossen",,
27.03.2020 18:38:40,Kara Brew Bar,Miriam Kasoglu ,Gastronomie,miriam@der-gaukler.com,,,Sankt Mang Platz 23,87435 Kempten,,,,,Gerne verschicken wir euch Gutscheine.,"Whatsapp, Facebook, Instagram",√úberweisung oder Paypal,/unternehmen/kara-brew-bar.jpg,,,"Ich best√§tige hiermit, dass meine Angaben korrekt sind und ich der Eigent√ºmer, des anzuzeigenden Unternehmens bin., Ich stimme zu, dass meine Daten auf der Webseite tante-hilde.org ver√∂ffentlicht werden.",015116920629,"Mittwoch-Sonntag 10-18 Uhr, Freitag 10-20 Uhr",,
27.03.2020 18:55:33,Allg√§uer √ñlm√ºhle e.K.,Lucia Krohmer ,Lebensmittel,lk@gutes.bio,0831960986-16,,Heisinger Stra√üe 45,87437 Kempten ,www.allgaeuer-oelmuehle.de,,,https://www.xn--allguer-lmhle-efb8yod.de/,Schaut gerne in unserem Online-Shop vorbei! Dort bekommt ihr alle Infos! ,"Telefon, Email, Internetseite",,/unternehmen/allgaeuer-oelmuehle.png,,,"Ich best√§tige hiermit, dass meine Angaben korrekt sind und ich der Eigent√ºmer, des anzuzeigenden Unternehmens bin., Ich stimme zu, dass meine Daten auf der Webseite tante-hilde.org ver√∂ffentlicht werden.",,,,
27.03.2020 21:15:16,Berg & Kristall,Leon von Below,Schmuck /Optik,kontakt@berg-und-kristall.de,,,Parkstra√üe 15,87439 Kempten,www.berg-und-kristall.de,,,www.berg-und-kristall.de,Entdecke markante Rohsteine und sch√∂nen Schmuck im Mineralienverkauf auf www.berg-und-kristall.de,"Email, Internetseite",Eine Bezahlung ist mit Kreditkarte oder mit √úberweisung als Vorkasse m√∂glich. Die Ware verschicke ich anschlie√üend mit der Post.,https://static.wixstatic.com/media/e68ad9_3523fae989794890a1f261dbd6546550~mv2.jpg,https://video.wixstatic.com/video/e68ad9_9a3671fac41340319e76694efa555ecb/1080p/mp4/file.mp4,,"Ich best√§tige hiermit, dass meine Angaben korrekt sind und ich der Eigent√ºmer, des anzuzeigenden Unternehmens bin., Ich stimme zu, dass meine Daten auf der Webseite tante-hilde.org ver√∂ffentlicht werden.",,,,